abilities,against_bug,against_dark,against_dragon,against_electric,against_fairy,against_fight,against_fire,against_flying,against_ghost,against_grass,against_ground,against_ice,against_normal,against_poison,against_psychic,against_rock,against_steel,against_water,attack,base_egg_steps,base_happiness,base_total,capture_rate,classfication,defense,experience_growth,height_m,hp,japanese_name,name,percentage_male,pokedex_number,sp_attack,sp_defense,speed,type1,type2,weight_kg,generation,is_legendary
"['Overgrow', 'Chlorophyll']",1,1,1,0.5,0.5,0.5,2,2,1,0.25,1,2,1,1,2,1,1,0.5,49,5120,70,318,45,Seed PokÌ©mon,49,1059860,0.7,45,Fushigidane‹Ä¥‹âá‹â¨‹ÄÛ‹Ä,Bulbasaur,88.1,1,65,65,45,grass,poison,6.9,1,0
"['Overgrow', 'Chlorophyll']",1,1,1,0.5,0.5,0.5,2,2,1,0.25,1,2,1,1,2,1,1,0.5,62,5120,70,405,45,Seed PokÌ©mon,63,1059860,1,60,Fushigisou‹Ä¥‹âá‹â¨‹â_‹â_,Ivysaur,88.1,2,80,80,60,grass,poison,13,1,0
"['Overgrow', 'Chlorophyll']",1,1,1,0.5,0.5,0.5,2,2,1,0.25,1,2,1,1,2,1,1,0.5,100,5120,70,625,45,Seed PokÌ©mon,123,1059860,2,80,Fushigibana‹Ä¥‹âá‹â¨‹Ä‹Ä_,Venusaur,88.1,3,122,120,80,grass,poison,100,1,0
"['Blaze', 'Solar Power']",0.5,1,1,1,0.5,1,0.5,1,1,0.5,2,0.5,1,1,1,2,0.5,2,52,5120,70,309,45,Lizard PokÌ©mon,43,1059860,0.6,39,Hitokage‹ÄÕ‹Äö‹âÇ‹â_,Charmander,88.1,4,60,50,65,fire,,8.5,1,0
"['Blaze', 'Solar Power']",0.5,1,1,1,0.5,1,0.5,1,1,0.5,2,0.5,1,1,1,2,0.5,2,64,5120,70,405,45,Flame PokÌ©mon,58,1059860,1.1,58,Lizardo‹Ä»‹â¦‹Ä_‹Ää,Charmeleon,88.1,5,80,65,80,fire,,19,1,0
"['Blaze', 'Solar Power']",0.25,1,1,2,0.5,0.5,0.5,1,1,0.25,0,1,1,1,1,4,0.5,2,104,5120,70,634,45,Flame PokÌ©mon,78,1059860,1.7,78,Lizardon‹Ä»‹â¦‹Ä_‹Ää‹Ä_,Charizard,88.1,6,159,115,100,fire,flying,90.5,1,0
"['Torrent', 'Rain Dish']",1,1,1,2,1,1,0.5,1,1,2,1,0.5,1,1,1,1,0.5,0.5,48,5120,70,314,45,Tiny Turtle PokÌ©mon,65,1059860,0.5,44,Zenigame‹â_‹ÄÜ‹âÂ‹ÄÁ,Squirtle,88.1,7,50,64,43,water,,9,1,0
"['Torrent', 'Rain Dish']",1,1,1,2,1,1,0.5,1,1,2,1,0.5,1,1,1,1,0.5,0.5,63,5120,70,405,45,Turtle PokÌ©mon,80,1059860,1,59,Kameil‹âÇ‹ÄÁ‹Ä_‹ÄÇ,Wartortle,88.1,8,65,80,58,water,,22.5,1,0
"['Torrent', 'Rain Dish']",1,1,1,2,1,1,0.5,1,1,2,1,0.5,1,1,1,1,0.5,0.5,103,5120,70,630,45,Shellfish PokÌ©mon,120,1059860,1.6,79,Kamex‹âÇ‹ÄÁ‹ÄÄ‹âø‹â_,Blastoise,88.1,9,135,115,78,water,,85.5,1,0
"['Shield Dust', 'Run Away']",1,1,1,1,1,0.5,2,2,1,0.5,0.5,1,1,1,1,2,1,1,30,3840,70,195,255,Worm PokÌ©mon,35,1000000,0.3,45,Caterpie‹â_‹Ä£‹âÀ‹ÄÓ‹Ä_,Caterpie,50,10,20,20,45,bug,,2.9,1,0
['Shed Skin'],1,1,1,1,1,0.5,2,2,1,0.5,0.5,1,1,1,1,2,1,1,20,3840,70,205,120,Cocoon PokÌ©mon,55,1000000,0.7,50,Transel‹Äö‹Ä©‹Ä_‹âÈ‹ÄÇ,Metapod,50,11,25,25,30,bug,,9.9,1,0
"['Compoundeyes', 'Tinted Lens']",0.5,1,1,2,1,0.25,2,2,1,0.25,0,2,1,1,1,4,1,1,45,3840,70,395,45,Butterfly PokÌ©mon,50,1000000,1.1,60,Butterfree‹Ä‹âÀ‹Ä¥‹Ä»‹Ä_,Butterfree,50,12,90,80,70,bug,flying,32,1,0
"['Shield Dust', 'Run Away']",0.5,1,1,1,0.5,0.25,2,2,1,0.25,1,1,1,0.5,2,2,1,1,35,3840,70,195,255,Hairy PokÌ©mon,30,1000000,0.3,40,Beedle‹ÄÒ‹Ä_‹Ää‹ÄÇ,Weedle,50,13,20,20,50,bug,poison,3.2,1,0
['Shed Skin'],0.5,1,1,1,0.5,0.25,2,2,1,0.25,1,1,1,0.5,2,2,1,1,25,3840,70,205,120,Cocoon PokÌ©mon,50,1000000,0.6,45,Cocoon‹â_‹âø‹Ä_‹Ä_,Kakuna,50,14,25,25,35,bug,poison,10,1,0
"['Swarm', 'Sniper']",0.5,1,1,1,0.5,0.25,2,2,1,0.25,1,1,1,0.5,2,2,1,1,150,3840,70,495,45,Poison Bee PokÌ©mon,40,1000000,1,65,Spear‹â_‹ÄÓ‹â¢‹Ä_,Beedrill,50,15,15,80,145,bug,poison,29.5,1,0
"['Keen Eye', 'Tangled Feet', 'Big Pecks']",0.5,1,1,2,1,1,1,1,0,0.5,0,2,1,1,1,2,1,1,45,3840,70,251,255,Tiny Bird PokÌ©mon,40,1059860,0.3,40,Poppo‹Ä‹ÄÄ‹Ä,Pidgey,50,16,35,35,56,normal,flying,1.8,1,0
"['Keen Eye', 'Tangled Feet', 'Big Pecks']",0.5,1,1,2,1,1,1,1,0,0.5,0,2,1,1,1,2,1,1,60,3840,70,349,120,Bird PokÌ©mon,55,1059860,1.1,63,Pigeon‹ÄÓ‹âü‹Ä¤‹Ä_,Pidgeotto,50,17,50,50,71,normal,flying,30,1,0
"['Keen Eye', 'Tangled Feet', 'Big Pecks']",0.5,1,1,2,1,1,1,1,0,0.5,0,2,1,1,1,2,1,1,80,3840,70,579,45,Bird PokÌ©mon,80,1059860,1.5,83,Pigeot‹ÄÓ‹âü‹Ä¤‹ÄÄ‹Äö,Pidgeot,50,18,135,80,121,normal,flying,39.5,1,0
"['Run Away', 'Guts', 'Hustle', 'Gluttony', 'Hustle', 'Thick Fat']",1,1,1,1,1,2,1,1,0,1,1,1,1,1,1,1,1,1,56,3840,70,253,255,Mouse PokÌ©mon,35,1000000,,30,Koratta‹â_‹Ä©‹ÄÄ‹âÀ,Rattata,50,19,25,35,72,normal,dark,,1,0
"['Run Away', 'Guts', 'Hustle', 'Gluttony', 'Hustle', 'Thick Fat']",1,1,1,1,1,2,1,1,0,1,1,1,1,1,1,1,1,1,71,3840,70,413,127,Mouse PokÌ©mon,70,1000000,,75,Ratta‹Ä©‹ÄÄ‹âÀ,Raticate,50,20,40,80,77,normal,dark,,1,0
"['Keen Eye', 'Sniper']",0.5,1,1,2,1,1,1,1,0,0.5,0,2,1,1,1,2,1,1,60,3840,70,262,255,Tiny Bird PokÌ©mon,30,1000000,0.3,40,Onisuzume‹â»‹ÄÜ‹â_‹â¼‹ÄÁ,Spearow,50,21,31,31,70,normal,flying,2,1,0
"['Keen Eye', 'Sniper']",0.5,1,1,2,1,1,1,1,0,0.5,0,2,1,1,1,2,1,1,90,3840,70,442,90,Beak PokÌ©mon,65,1000000,1.2,65,Onidrill‹â»‹ÄÜ‹Ää‹Ä»‹ÄÇ,Fearow,50,22,61,61,100,normal,flying,38,1,0
"['Intimidate', 'Shed Skin', 'Unnerve']",0.5,1,1,1,0.5,0.5,1,1,1,0.5,2,1,1,0.5,2,1,1,1,60,5120,70,288,255,Snake PokÌ©mon,44,1000000,2,35,Arbo‹â¢‹Ä_‹ÄÏ,Ekans,50,23,40,54,55,poison,,6.9,1,0
"['Intimidate', 'Shed Skin', 'Unnerve']",0.5,1,1,1,0.5,0.5,1,1,1,0.5,2,1,1,0.5,2,1,1,1,95,5120,70,448,90,Cobra PokÌ©mon,69,1000000,3.5,60,Arbok‹â¢‹Ä_‹ÄÏ‹ÄÄ‹âø,Arbok,50,24,65,79,80,poison,,65,1,0
"['Static', 'Lightningrod']",1,1,1,0.5,1,1,1,0.5,1,1,2,1,1,1,1,1,0.5,1,55,2560,70,320,190,Mouse PokÌ©mon,40,1000000,0.4,35,Pikachu‹ÄÓ‹âÇ‹Ä‹Ä´‹â_,Pikachu,50,25,50,50,90,electric,,6,1,0
"['Static', 'Lightningrod', 'Surge Surfer']",1,1,1,0.5,1,1,1,0.5,1,1,2,1,1,1,1,1,0.5,1,85,2560,70,485,75,Mouse PokÌ©mon,50,1000000,,60,Raichu‹Ä©‹â_‹Ä‹Ä´‹â_,Raichu,50,26,95,85,110,electric,electric,,1,0
"['Sand Veil', 'Sand Rush', 'Snow Cloak', 'Slush Rush']",1,1,1,0,1,1,1,1,1,2,1,2,1,0.5,1,0.5,1,2,75,5120,70,300,255,Mouse PokÌ©mon,90,1000000,,50,Sand‹âµ‹Ä_‹Ää,Sandshrew,50,27,10,35,40,ground,ice,,1,0
"['Sand Veil', 'Sand Rush', 'Snow Cloak', 'Slush Rush']",1,1,1,0,1,1,1,1,1,2,1,2,1,0.5,1,0.5,1,2,100,5120,70,450,90,Mouse PokÌ©mon,120,1000000,,75,Sandpan‹âµ‹Ä_‹Ää‹ÄÔ‹Ä_,Sandslash,50,28,25,65,65,ground,ice,,1,0
"['Poison Point', 'Rivalry', 'Hustle']",0.5,1,1,1,0.5,0.5,1,1,1,0.5,2,1,1,0.5,2,1,1,1,47,5120,70,275,235,Poison Pin PokÌ©mon,52,1059860,0.4,55,Nidoran?‹ÄÜ‹Ää‹Ä©‹Ä_‰ªÛ,Nidoran _,0,29,40,40,41,poison,,7,1,0
"['Poison Point', 'Rivalry', 'Hustle']",0.5,1,1,1,0.5,0.5,1,1,1,0.5,2,1,1,0.5,2,1,1,1,62,5120,70,365,120,Poison Pin PokÌ©mon,67,1059860,0.8,70,Nidorina‹ÄÜ‹Ää‹Ä»‹Ä_‹Ä_,Nidorina,0,30,55,55,56,poison,,20,1,0
"['Poison Point', 'Rivalry', 'Sheer Force']",0.5,1,1,0,0.5,0.5,1,1,1,1,2,2,1,0.25,2,0.5,1,2,92,5120,70,505,45,Drill PokÌ©mon,87,1059860,1.3,90,Nidoqueen‹ÄÜ‹Ää‹âø‹â_‹Ä_,Nidoqueen,0,31,75,85,76,poison,ground,60,1,0
"['Poison Point', 'Rivalry', 'Hustle']",0.5,1,1,1,0.5,0.5,1,1,1,0.5,2,1,1,0.5,2,1,1,1,57,5120,70,273,235,Poison Pin PokÌ©mon,40,1059860,0.5,46,Nidoran?‹ÄÜ‹Ää‹Ä©‹Ä_‰ªâ,Nidoran _,100,32,40,40,50,poison,,9,1,0
"['Poison Point', 'Rivalry', 'Hustle']",0.5,1,1,1,0.5,0.5,1,1,1,0.5,2,1,1,0.5,2,1,1,1,72,5120,70,365,120,Poison Pin PokÌ©mon,57,1059860,0.9,61,Nidorino‹ÄÜ‹Ää‹Ä»‹Ä_‹Ä_,Nidorino,100,33,55,55,65,poison,,19.5,1,0
"['Poison Point', 'Rivalry', 'Sheer Force']",0.5,1,1,0,0.5,0.5,1,1,1,1,2,2,1,0.25,2,0.5,1,2,102,5120,70,505,45,Drill PokÌ©mon,77,1059860,1.4,81,Nidoking‹ÄÜ‹Ää‹â_‹Ä_‹â¡,Nidoking,100,34,85,75,85,poison,ground,62,1,0
"['Cute Charm', 'Magic Guard', 'Friend Guard']",0.5,0.5,0,1,1,0.5,1,1,1,1,1,1,1,2,1,1,2,1,45,2560,140,323,150,Fairy PokÌ©mon,48,800000,0.6,70,Pippi‹ÄÓ‹ÄÄ‹ÄÓ,Clefairy,24.6,35,60,65,35,fairy,,7.5,1,0
"['Cute Charm', 'Magic Guard', 'Unaware']",0.5,0.5,0,1,1,0.5,1,1,1,1,1,1,1,2,1,1,2,1,70,2560,140,483,25,Fairy PokÌ©mon,73,800000,1.3,95,Pixy‹ÄÓ‹âø‹âá‹Ä_,Clefable,24.6,36,95,90,60,fairy,,40,1,0
"['Flash Fire', 'Drought', 'Snow Cloak', 'Snow Warning']",0.5,1,1,1,0.5,1,0.5,1,1,0.5,2,0.5,1,1,1,2,0.5,2,41,5120,70,299,190,Fox PokÌ©mon,40,1000000,,38,Rokon‹Ä_‹â_‹Ä_,Vulpix,24.6,37,50,65,65,fire,ice,,1,0
"['Flash Fire', 'Drought', 'Snow Cloak', 'Snow Warning']",0.5,1,1,1,0.5,1,0.5,1,1,0.5,2,0.5,1,1,1,2,0.5,2,67,5120,70,505,75,Fox PokÌ©mon,75,1000000,,73,Kyukon‹â_‹Ä´‹â_‹â_‹Ä_,Ninetales,24.6,38,81,100,109,fire,ice,,1,0
"['Cute Charm', 'Competitive', 'Friend Guard']",0.5,0.5,0,1,1,1,1,1,0,1,1,1,1,2,1,1,2,1,45,2560,70,270,170,Balloon PokÌ©mon,20,800000,0.5,115,Purin‹ÄÑ‹Ä»‹Ä_,Jigglypuff,24.6,39,45,25,20,normal,fairy,5.5,1,0
"['Cute Charm', 'Competitive', 'Frisk']",0.5,0.5,0,1,1,1,1,1,0,1,1,1,1,2,1,1,2,1,70,2560,70,435,50,Balloon PokÌ©mon,45,800000,1,140,Pukurin‹ÄÑ‹âø‹Ä»‹Ä_,Wigglytuff,24.6,40,85,50,45,normal,fairy,12,1,0
"['Inner Focus', 'Infiltrator']",0.25,1,1,2,0.5,0.25,1,1,1,0.25,0,2,1,0.5,2,2,1,1,45,3840,70,245,255,Bat PokÌ©mon,35,1000000,0.8,40,Zubat‹â¼‹Ä‹ÄÄ‹Äö,Zubat,50,41,30,40,55,poison,flying,7.5,1,0
"['Inner Focus', 'Infiltrator']",0.25,1,1,2,0.5,0.25,1,1,1,0.25,0,2,1,0.5,2,2,1,1,80,3840,70,455,90,Bat PokÌ©mon,70,1000000,1.6,75,Golbat‹â«‹ÄÇ‹Ä‹ÄÄ‹Äö,Golbat,50,42,65,75,90,poison,flying,55,1,0
"['Chlorophyll', 'Run Away']",1,1,1,0.5,0.5,0.5,2,2,1,0.25,1,2,1,1,2,1,1,0.5,50,5120,70,320,255,Weed PokÌ©mon,55,1059860,0.5,45,Nazonokusa‹Ä_‹â_‹Ä_‹âø‹âµ,Oddish,50,43,75,65,30,grass,poison,5.4,1,0
"['Chlorophyll', 'Stench']",1,1,1,0.5,0.5,0.5,2,2,1,0.25,1,2,1,1,2,1,1,0.5,65,5120,70,395,120,Weed PokÌ©mon,70,1059860,0.8,60,Kusaihana‹âø‹âµ‹â_‹Ä‹Ä_,Gloom,50,44,85,75,40,grass,poison,8.6,1,0
"['Chlorophyll', 'Effect Spore']",1,1,1,0.5,0.5,0.5,2,2,1,0.25,1,2,1,1,2,1,1,0.5,80,5120,70,490,45,Flower PokÌ©mon,85,1059860,1.2,75,Ruffresia‹Ä©‹Ä¥‹ÄÂ‹âá‹â¢,Vileplume,50,45,110,90,50,grass,poison,18.6,1,0
"['Effect Spore', 'Dry Skin', 'Damp']",2,1,1,0.5,1,0.5,4,4,1,0.25,0.25,2,1,2,1,2,1,0.5,70,5120,70,285,190,Mushroom PokÌ©mon,55,1000000,0.3,35,Paras‹ÄÔ‹Ä©‹â_,Paras,50,46,45,55,25,bug,grass,5.4,1,0
"['Effect Spore', 'Dry Skin', 'Damp']",2,1,1,0.5,1,0.5,4,4,1,0.25,0.25,2,1,2,1,2,1,0.5,95,5120,70,405,75,Mushroom PokÌ©mon,80,1000000,1,60,Parasect‹ÄÔ‹Ä©‹âÈ‹âø‹Äö,Parasect,50,47,60,80,30,bug,grass,29.5,1,0
"['Compoundeyes', 'Tinted Lens', 'Run Away']",0.5,1,1,1,0.5,0.25,2,2,1,0.25,1,1,1,0.5,2,2,1,1,55,5120,70,305,190,Insect PokÌ©mon,50,1000000,1,60,Kongpang‹â_‹Ä_‹ÄÔ‹Ä_,Venonat,50,48,40,55,45,bug,poison,30,1,0
"['Shield Dust', 'Tinted Lens', 'Wonder Skin ']",0.5,1,1,1,0.5,0.25,2,2,1,0.25,1,1,1,0.5,2,2,1,1,65,5120,70,450,75,Poison Moth PokÌ©mon,60,1000000,1.5,70,Morphon‹Ä¢‹ÄÇ‹Ä¥‹â©‹Ä_,Venomoth,50,49,90,75,90,bug,poison,12.5,1,0
"['Sand Veil', 'Arena Trap', 'Sand Force', 'Sand Veil', 'Tangling Hair', 'Sand Force']",1,1,1,0,1,1,1,1,1,2,1,2,1,0.5,1,0.5,1,2,55,5120,70,265,255,Mole PokÌ©mon,30,1000000,,10,Digda‹Äà‹â£‹â¡‹ÄÛ,Diglett,50,50,35,45,90,ground,ground,,1,0
"['Sand Veil', 'Arena Trap', 'Sand Force', 'Sand Veil', 'Tangling Hair', 'Sand Force']",1,1,1,0,1,1,1,1,1,2,1,2,1,0.5,1,0.5,1,2,100,5120,70,425,50,Mole PokÌ©mon,60,1000000,,35,Dugtrio‹ÄÛ‹â¡‹Äö‹Ä»‹â»,Dugtrio,50,51,50,70,110,ground,ground,,1,0
"['Pickup', 'Technician', 'Unnerve', 'Pickup', 'Technician', 'Rattled']",1,1,1,1,1,2,1,1,0,1,1,1,1,1,1,1,1,1,35,5120,70,290,255,Scratch Cat PokÌ©mon,35,1000000,,40,Nyarth‹ÄÜ‹Ä£‹Ä_‹â_,Meowth,50,52,50,40,90,normal,dark,,1,0
"['Limber', 'Technician', 'Unnerve', 'Fur Coat', 'Technician', 'Rattled']",1,1,1,1,1,2,1,1,0,1,1,1,1,1,1,1,1,1,60,5120,70,440,90,Classy Cat PokÌ©mon,60,1000000,,65,Persian‹Ä_‹ÄÇ‹âá‹â¢‹Ä_,Persian,50,53,75,65,115,normal,dark,,1,0
"['Damp', 'Cloud Nine', 'Swift Swim']",1,1,1,2,1,1,0.5,1,1,2,1,0.5,1,1,1,1,0.5,0.5,52,5120,70,320,190,Duck PokÌ©mon,48,1000000,0.8,50,Koduck‹â_‹ÄÛ‹ÄÄ‹âø,Psyduck,50,54,65,50,55,water,,19.6,1,0
"['Damp', 'Cloud Nine', 'Swift Swim']",1,1,1,2,1,1,0.5,1,1,2,1,0.5,1,1,1,1,0.5,0.5,82,5120,70,500,75,Duck PokÌ©mon,78,1000000,1.7,80,Golduck‹â«‹ÄÇ‹ÄÛ‹ÄÄ‹âø,Golduck,50,55,95,80,85,water,,76.6,1,0
"['Vital Spirit', 'Anger Point', 'Defiant']",0.5,0.5,1,1,2,1,1,2,1,1,1,1,1,1,2,0.5,1,1,80,5120,70,305,190,Pig Monkey PokÌ©mon,35,1000000,0.5,40,Mankey‹Ä_‹Ä_‹â_‹Ä_,Mankey,50,56,35,45,70,fighting,,28,1,0
"['Vital Spirit', 'Anger Point', 'Defiant']",0.5,0.5,1,1,2,1,1,2,1,1,1,1,1,1,2,0.5,1,1,105,5120,70,455,75,Pig Monkey PokÌ©mon,60,1000000,1,65,Okorizaru‹â»‹â_‹Ä»‹â¦‹ÄÇ,Primeape,50,57,60,70,95,fighting,,32,1,0
"['Intimidate', 'Flash Fire', 'Justified']",0.5,1,1,1,0.5,1,0.5,1,1,0.5,2,0.5,1,1,1,2,0.5,2,70,5120,70,350,190,Puppy PokÌ©mon,45,1250000,0.7,55,Gardie‹âÂ‹Ä_‹Äà‹â£,Growlithe,75.4,58,70,50,60,fire,,19,1,0
"['Intimidate', 'Flash Fire', 'Justified']",0.5,1,1,1,0.5,1,0.5,1,1,0.5,2,0.5,1,1,1,2,0.5,2,110,5120,70,555,75,Legendary PokÌ©mon,80,1250000,1.9,90,Windie‹â_‹â_‹Ä_‹Äà‹â£,Arcanine,75.4,59,100,80,95,fire,,155,1,0
"['Water Absorb', 'Damp', 'Swift Swim']",1,1,1,2,1,1,0.5,1,1,2,1,0.5,1,1,1,1,0.5,0.5,50,5120,70,300,255,Tadpole PokÌ©mon,40,1059860,0.6,40,Nyoromo‹ÄÜ‹Ä¤‹Ä_‹Ä¢,Poliwag,50,60,40,40,90,water,,12.4,1,0
"['Water Absorb', 'Damp', 'Swift Swim']",1,1,1,2,1,1,0.5,1,1,2,1,0.5,1,1,1,1,0.5,0.5,65,5120,70,385,120,Tadpole PokÌ©mon,65,1059860,1,65,Nyorozo‹ÄÜ‹Ä¤‹Ä_‹â_,Poliwhirl,50,61,50,50,90,water,,20,1,0
"['Water Absorb', 'Damp', 'Swift Swim']",0.5,0.5,1,2,2,1,0.5,2,1,2,1,0.5,1,1,2,0.5,0.5,0.5,95,5120,70,510,45,Tadpole PokÌ©mon,95,1059860,1.3,90,Nyorobon‹ÄÜ‹Ä¤‹Ä_‹ÄÏ‹Ä_,Poliwrath,50,62,70,90,70,water,fighting,54,1,0
"['Synchronize', 'Inner Focus', 'Magic Guard']",2,2,1,1,1,0.5,1,1,2,1,1,1,1,1,0.5,1,1,1,20,5120,70,310,200,Psi PokÌ©mon,15,1059860,0.9,25,Casey‹â±‹Ä_‹âá‹â£,Abra,75.4,63,105,55,90,psychic,,19.5,1,0
"['Synchronize', 'Inner Focus', 'Magic Guard']",2,2,1,1,1,0.5,1,1,2,1,1,1,1,1,0.5,1,1,1,35,5120,70,400,100,Psi PokÌ©mon,30,1059860,1.3,40,Yungerer‹Ä_‹Ä_‹â_‹Ä©‹Ä_,Kadabra,75.4,64,120,70,105,psychic,,56.5,1,0
"['Synchronize', 'Inner Focus', 'Magic Guard']",2,2,1,1,1,0.5,1,1,2,1,1,1,1,1,0.5,1,1,1,50,5120,70,600,50,Psi PokÌ©mon,65,1059860,1.5,55,Foodin‹Ä¥‹Ä_‹Äà‹â£‹Ä_,Alakazam,75.4,65,175,105,150,psychic,,48,1,0
"['Guts', 'No Guard', 'Steadfast']",0.5,0.5,1,1,2,1,1,2,1,1,1,1,1,1,2,0.5,1,1,80,5120,70,305,180,Superpower PokÌ©mon,50,1059860,0.8,70,Wanriky‹Äø‹Ä_‹Ä»‹â_‹Ä_,Machop,75.4,66,35,35,35,fighting,,19.5,1,0
"['Guts', 'No Guard', 'Steadfast']",0.5,0.5,1,1,2,1,1,2,1,1,1,1,1,1,2,0.5,1,1,100,5120,70,405,90,Superpower PokÌ©mon,70,1059860,1.5,80,Goriky‹â«‹Ä_‹Ä»‹â_‹Ä_,Machoke,75.4,67,50,60,45,fighting,,70.5,1,0
"['Guts', 'No Guard', 'Steadfast']",0.5,0.5,1,1,2,1,1,2,1,1,1,1,1,1,2,0.5,1,1,130,5120,70,505,45,Superpower PokÌ©mon,80,1059860,1.6,90,Kairiky‹âÇ‹â_‹Ä»‹â_‹Ä_,Machamp,75.4,68,65,85,55,fighting,,130,1,0
"['Chlorophyll', 'Gluttony']",1,1,1,0.5,0.5,0.5,2,2,1,0.25,1,2,1,1,2,1,1,0.5,75,5120,70,300,255,Flower PokÌ©mon,35,1059860,0.7,50,Madatsubomi‹Ä_‹ÄÛ‹Äã‹ÄÏ‹ÄÙ,Bellsprout,50,69,70,30,40,grass,poison,4,1,0
"['Chlorophyll', 'Gluttony']",1,1,1,0.5,0.5,0.5,2,2,1,0.25,1,2,1,1,2,1,1,0.5,90,5120,70,390,120,Flycatcher PokÌ©mon,50,1059860,1,65,Utsudon‹â_‹Äã‹Ää‹Ä_,Weepinbell,50,70,85,45,55,grass,poison,6.4,1,0
"['Chlorophyll', 'Gluttony']",1,1,1,0.5,0.5,0.5,2,2,1,0.25,1,2,1,1,2,1,1,0.5,105,5120,70,490,45,Flycatcher PokÌ©mon,65,1059860,1.7,80,Utsubot‹â_‹Äã‹ÄÏ‹ÄÄ‹Äö,Victreebel,50,71,100,70,70,grass,poison,15.5,1,0
"['Clear Body', 'Liquid Ooze', 'Rain Dish']",0.5,1,1,2,0.5,0.5,0.5,1,1,1,2,0.5,1,0.5,2,1,0.5,0.5,40,5120,70,335,190,Jellyfish PokÌ©mon,35,1250000,0.9,40,Menokurage‹ÄÁ‹Ä_‹âø‹Ä©‹â_,Tentacool,50,72,50,100,70,water,poison,45.5,1,0
"['Clear Body', 'Liquid Ooze', 'Rain Dish']",0.5,1,1,2,0.5,0.5,0.5,1,1,1,2,0.5,1,0.5,2,1,0.5,0.5,70,5120,70,515,60,Jellyfish PokÌ©mon,65,1250000,1.6,80,Dokukurage‹Ää‹âø‹âø‹Ä©‹â_,Tentacruel,50,73,80,120,100,water,poison,55,1,0
"['Rock Head', 'Sturdy', 'Sand Veil', 'Magnet Pull', 'Sturdy', 'Galvanize']",1,1,1,0,1,2,0.5,0.5,1,4,2,2,0.5,0.25,1,0.5,2,4,80,3840,70,300,255,Rock PokÌ©mon,100,1059860,,40,Isitsubute‹â_‹âá‹Äã‹ÄĞ‹Ä ,Geodude,50,74,30,30,20,rock,ground,,1,0
"['Rock Head', 'Sturdy', 'Sand Veil', 'Magnet Pull', 'Sturdy', 'Galvanize']",1,1,1,0,1,2,0.5,0.5,1,4,2,2,0.5,0.25,1,0.5,2,4,95,3840,70,390,120,Rock PokÌ©mon,115,1059860,,55,Golone‹â«‹Ä_‹Ä_‹Ä_,Graveler,50,75,45,45,35,rock,ground,,1,0
"['Rock Head', 'Sturdy', 'Sand Veil', 'Magnet Pull', 'Sturdy', 'Galvanize']",1,1,1,0,1,2,0.5,0.5,1,4,2,2,0.5,0.25,1,0.5,2,4,120,3840,70,495,45,Megaton PokÌ©mon,130,1059860,,80,Golonya‹â«‹Ä_‹Ä_‹ÄÜ‹Ä£,Golem,50,76,55,65,45,rock,ground,,1,0
"['Run Away', 'Flash Fire', 'Flame Body']",0.5,1,1,1,0.5,1,0.5,1,1,0.5,2,0.5,1,1,1,2,0.5,2,85,5120,70,410,190,Fire Horse PokÌ©mon,55,1000000,1,50,Ponyta‹Ä‹ÄÜ‹Ä_‹âÀ,Ponyta,50,77,65,65,90,fire,,30,1,0
"['Run Away', 'Flash Fire', 'Flame Body']",0.5,1,1,1,0.5,1,0.5,1,1,0.5,2,0.5,1,1,1,2,0.5,2,100,5120,70,500,60,Fire Horse PokÌ©mon,70,1000000,1.7,65,Gallop‹â¨‹Ä£‹Ä_‹ÄÄ‹ÄÑ,Rapidash,50,78,80,80,105,fire,,95,1,0
"['Oblivious', 'Own Tempo', 'Regenerator']",2,2,1,2,1,0.5,0.5,1,2,2,1,0.5,1,1,0.5,1,0.5,0.5,65,5120,70,315,190,Dopey PokÌ©mon,65,1000000,1.2,90,Yadon‹Ä_‹Ää‹Ä_,Slowpoke,50,79,40,40,15,water,psychic,36,1,0
"['Oblivious', 'Own Tempo', 'Regenerator']",2,2,1,2,1,0.5,0.5,1,2,2,1,0.5,1,1,0.5,1,0.5,0.5,75,5120,70,590,75,Hermit Crab PokÌ©mon,180,1000000,1.6,95,Yadoran‹Ä_‹Ää‹Ä©‹Ä_,Slowbro,50,80,130,80,30,water,psychic,78.5,1,0
"['Magnet Pull', 'Sturdy', 'Analytic']",0.5,1,0.5,0.5,0.5,2,2,0.25,1,0.5,4,0.5,0.5,0,0.5,0.5,0.25,1,35,5120,70,325,190,Magnet PokÌ©mon,70,1000000,0.3,25,Coil‹â_‹â_‹ÄÇ,Magnemite,,81,95,55,45,electric,steel,6,1,0
"['Magnet Pull', 'Sturdy', 'Analytic']",0.5,1,0.5,0.5,0.5,2,2,0.25,1,0.5,4,0.5,0.5,0,0.5,0.5,0.25,1,60,5120,70,465,60,Magnet PokÌ©mon,95,1000000,1,50,Rarecoil‹ÄÂ‹â¢‹â_‹â_‹ÄÇ,Magneton,,82,120,70,70,electric,steel,60,1,0
"['Keen Eye', 'Inner Focus', 'Defiant']",0.5,1,1,2,1,1,1,1,0,0.5,0,2,1,1,1,2,1,1,90,5120,70,377,45,Wild Duck PokÌ©mon,55,1000000,0.8,52,Kamonegi‹âÇ‹Ä¢‹Ä‹â¨,Farfetch'd,50,83,58,62,60,normal,flying,15,1,0
"['Run Away', 'Early Bird', 'Tangled Feet']",0.5,1,1,2,1,1,1,1,0,0.5,0,2,1,1,1,2,1,1,85,5120,70,310,190,Twin Bird PokÌ©mon,45,1000000,1.4,35,Dodo‹Ää‹Ä_‹Ää‹Ä_,Doduo,50,84,35,35,75,normal,flying,39.2,1,0
"['Run Away', 'Early Bird', 'Tangled Feet']",0.5,1,1,2,1,1,1,1,0,0.5,0,2,1,1,1,2,1,1,110,5120,70,470,45,Triple Bird PokÌ©mon,70,1000000,1.8,60,Dodorio‹Ää‹Ä_‹Ää‹Ä»‹â»,Dodrio,50,85,60,60,110,normal,flying,85.2,1,0
"['Thick Fat', 'Hydration', 'Ice Body']",1,1,1,2,1,1,0.5,1,1,2,1,0.5,1,1,1,1,0.5,0.5,45,5120,70,325,190,Sea Lion PokÌ©mon,55,1000000,1.1,65,Pawou‹ÄÔ‹â_‹Äø‹â_,Seel,50,86,45,70,45,water,,90,1,0
"['Thick Fat', 'Hydration', 'Ice Body']",1,1,1,2,1,2,1,1,1,2,1,0.25,1,1,1,2,1,0.5,70,5120,70,475,75,Sea Lion PokÌ©mon,80,1000000,1.7,90,Jugon‹âü‹Ä´‹â«‹Ä_,Dewgong,50,87,70,95,70,water,ice,120,1,0
"['Stench', 'Sticky Hold', 'Poison Touch', 'Poison Touch', 'Gluttony', 'Power of Alchemy']",0.5,1,1,1,0.5,0.5,1,1,1,0.5,2,1,1,0.5,2,1,1,1,80,5120,70,325,190,Sludge PokÌ©mon,50,1000000,,80,Betbeter‹Äª‹Äö‹Äª‹âÀ‹Ä_,Grimer,50,88,40,50,25,poison,poison,,1,0
"['Stench', 'Sticky Hold', 'Poison Touch', 'Poison Touch', 'Gluttony', 'Power of Alchemy']",0.5,1,1,1,0.5,0.5,1,1,1,0.5,2,1,1,0.5,2,1,1,1,105,5120,70,500,75,Sludge PokÌ©mon,75,1000000,,105,Betbeton‹Äª‹Äö‹Äª‹Äö‹Ä_,Muk,50,89,65,100,50,poison,poison,,1,0
"['Shell Armor', 'Skill Link', 'Overcoat']",1,1,1,2,1,1,0.5,1,1,2,1,0.5,1,1,1,1,0.5,0.5,65,5120,70,305,190,Bivalve PokÌ©mon,100,1250000,0.3,30,Shellder‹âá‹â¤‹ÄÇ‹ÄÛ‹Ä_,Shellder,50,90,45,25,40,water,,4,1,0
"['Shell Armor', 'Skill Link', 'Overcoat']",1,1,1,2,1,2,1,1,1,2,1,0.25,1,1,1,2,1,0.5,95,5120,70,525,60,Bivalve PokÌ©mon,180,1250000,1.5,50,Parshen‹ÄÔ‹ÄÇ‹âá‹â¤‹Ä_,Cloyster,50,91,85,45,70,water,ice,132.5,1,0
['Levitate'],0.25,2,1,1,0.5,0,1,1,2,0.5,2,1,0,0.25,2,1,1,1,35,5120,70,310,190,Gas PokÌ©mon,30,1059860,1.3,30,Ghos‹â«‹Ä_‹â_,Gastly,50,92,100,35,80,ghost,poison,0.1,1,0
['Levitate'],0.25,2,1,1,0.5,0,1,1,2,0.5,2,1,0,0.25,2,1,1,1,50,5120,70,405,90,Gas PokÌ©mon,45,1059860,1.6,45,Ghost‹â«‹Ä_‹â_‹Äö,Haunter,50,93,115,55,95,ghost,poison,0.1,1,0
['Cursed Body'],0.25,2,1,1,0.5,0,1,1,2,0.5,2,1,0,0.25,2,1,1,1,65,5120,70,600,45,Shadow PokÌ©mon,80,1059860,1.5,60,Gangar‹â_‹Ä_‹âÂ‹Ä_,Gengar,50,94,170,95,130,ghost,poison,40.5,1,0
"['Rock Head', 'Sturdy', 'Weak Armor']",1,1,1,0,1,2,0.5,0.5,1,4,2,2,0.5,0.25,1,0.5,2,4,45,6400,70,385,45,Rock Snake PokÌ©mon,160,1000000,8.8,35,Iwark‹â_‹Äø‹Ä_‹âø,Onix,50,95,30,45,70,rock,ground,210,1,0
"['Insomnia', 'Forewarn', 'Inner Focus']",2,2,1,1,1,0.5,1,1,2,1,1,1,1,1,0.5,1,1,1,48,5120,70,328,190,Hypnosis PokÌ©mon,45,1000000,1,60,Sleepe‹â_‹Ä»‹Ä_‹ÄÑ,Drowzee,50,96,43,90,42,psychic,,32.4,1,0
"['Insomnia', 'Forewarn', 'Inner Focus']",2,2,1,1,1,0.5,1,1,2,1,1,1,1,1,0.5,1,1,1,73,5120,70,483,75,Hypnosis PokÌ©mon,70,1000000,1.6,85,Sleeper‹â_‹Ä»‹Ä_‹ÄÔ‹Ä_,Hypno,50,97,73,115,67,psychic,,75.6,1,0
"['Hyper Cutter', 'Shell Armor', 'Sheer Force']",1,1,1,2,1,1,0.5,1,1,2,1,0.5,1,1,1,1,0.5,0.5,105,5120,70,325,225,River Crab PokÌ©mon,90,1000000,0.4,30,Crab‹âø‹Ä©‹ÄĞ,Krabby,50,98,25,25,50,water,,6.5,1,0
"['Hyper Cutter', 'Shell Armor', 'Sheer Force']",1,1,1,2,1,1,0.5,1,1,2,1,0.5,1,1,1,1,0.5,0.5,130,5120,70,475,60,Pincer PokÌ©mon,115,1000000,1.3,55,Kingler‹â_‹Ä_‹â¡‹Ä©‹Ä_,Kingler,50,99,50,50,75,water,,60,1,0
"['Soundproof', 'Static', 'Aftermath']",1,1,1,0.5,1,1,1,0.5,1,1,2,1,1,1,1,1,0.5,1,30,5120,70,330,190,Ball PokÌ©mon,50,1000000,0.5,40,Biriridama‹ÄÒ‹Ä»‹Ä»‹ÄÛ‹Ä_,Voltorb,,100,55,55,100,electric,,10.4,1,0
"['Soundproof', 'Static', 'Aftermath']",1,1,1,0.5,1,1,1,0.5,1,1,2,1,1,1,1,1,0.5,1,50,5120,70,490,60,Ball PokÌ©mon,70,1000000,1.2,60,Marumine‹Ä_‹ÄÇ‹Ä_‹â_‹Ä_,Electrode,,101,80,80,150,electric,,66.6,1,0
"['Chlorophyll', 'Harvest']",4,2,1,0.5,1,0.5,2,2,2,0.5,0.5,2,1,2,0.5,1,1,0.5,40,5120,70,325,90,Egg PokÌ©mon,80,1250000,0.4,60,Tamatama‹âÀ‹Ä_‹âÀ‹Ä_,Exeggcute,50,102,60,45,40,grass,psychic,2.5,1,0
"['Chlorophyll', 'Harvest', 'Frisk', 'Harvest']",4,2,1,0.5,1,0.5,2,2,2,0.5,0.5,2,1,2,0.5,1,1,0.5,105,5120,70,530,45,Coconut PokÌ©mon,85,1250000,,95,Nassy‹Ä_‹ÄÄ‹âá‹Ä_,Exeggutor,50,103,125,75,45,grass,psychic,,1,0
"['Rock Head', 'Lightningrod', 'Battle Armor']",1,1,1,0,1,1,1,1,1,2,1,2,1,0.5,1,0.5,1,2,50,5120,70,320,190,Lonely PokÌ©mon,95,1000000,0.4,50,Karakara‹âÇ‹Ä©‹âÇ‹Ä©,Cubone,50,104,40,50,35,ground,,6.5,1,0
"['Rock Head', 'Lightningrod', 'Battle Armor', 'Cursed Body', 'Lightningrod', 'Rock Head']",1,1,1,0,1,1,1,1,1,2,1,2,1,0.5,1,0.5,1,2,80,5120,70,425,75,Bone Keeper PokÌ©mon,110,1000000,,60,Garagara‹âÂ‹Ä©‹âÂ‹Ä©,Marowak,50,105,50,80,45,ground,fire,,1,0
"['Limber', 'Reckless', 'Unburden']",0.5,0.5,1,1,2,1,1,2,1,1,1,1,1,1,2,0.5,1,1,120,6400,70,455,45,Kicking PokÌ©mon,53,1000000,1.5,50,Sawamular‹âµ‹Äø‹ÄÊ‹Ä©‹Ä_,Hitmonlee,100,106,35,110,87,fighting,,49.8,1,0
"['Keen Eye', 'Iron Fist', 'Inner Focus']",0.5,0.5,1,1,2,1,1,2,1,1,1,1,1,1,2,0.5,1,1,105,6400,70,455,45,Punching PokÌ©mon,79,1000000,1.4,50,Ebiwalar‹â¬‹ÄÒ‹Äø‹Ä©‹Ä_,Hitmonchan,100,107,35,110,76,fighting,,50.2,1,0
"['Own Tempo', 'Oblivious', 'Cloud Nine']",1,1,1,1,1,2,1,1,0,1,1,1,1,1,1,1,1,1,55,5120,70,385,45,Licking PokÌ©mon,75,1000000,1.2,90,Beroringa‹Äª‹Ä_‹Ä»‹Ä_‹âÂ,Lickitung,50,108,60,75,30,normal,,65.5,1,0
['Levitate'],0.5,1,1,1,0.5,0.5,1,1,1,0.5,2,1,1,0.5,2,1,1,1,65,5120,70,340,190,Poison Gas PokÌ©mon,95,1000000,0.6,40,Dogars‹Ää‹âÂ‹Ä_‹â_,Koffing,50,109,60,45,35,poison,,1,1,0
['Levitate'],0.5,1,1,1,0.5,0.5,1,1,1,0.5,2,1,1,0.5,2,1,1,1,90,5120,70,490,60,Poison Gas PokÌ©mon,120,1000000,1.2,65,Matadogas‹Ä_‹âÀ‹Ää‹âÂ‹â_,Weezing,50,110,85,70,60,poison,,9.5,1,0
"['Lightningrod', 'Rock Head', 'Reckless']",1,1,1,0,1,2,0.5,0.5,1,4,2,2,0.5,0.25,1,0.5,2,4,85,5120,70,345,120,Spikes PokÌ©mon,95,1250000,1,80,Sihorn‹âµ‹â_‹Äİ‹Ä_‹Ä_,Rhyhorn,50,111,30,30,25,ground,rock,115,1,0
"['Lightningrod', 'Rock Head', 'Reckless']",1,1,1,0,1,2,0.5,0.5,1,4,2,2,0.5,0.25,1,0.5,2,4,130,5120,70,485,60,Drill PokÌ©mon,120,1250000,1.9,105,Sidon‹âµ‹â_‹Ää‹Ä_,Rhydon,50,112,45,45,40,ground,rock,120,1,0
"['Natural Cure', 'Serene Grace', 'Healer']",1,1,1,1,1,2,1,1,0,1,1,1,1,1,1,1,1,1,5,10240,140,450,30,Egg PokÌ©mon,5,800000,1.1,250,Lucky‹Ä©‹ÄÄ‹â_‹Ä_,Chansey,0,113,35,105,50,normal,,34.6,1,0
"['Chlorophyll', 'Leaf Guard', 'Regenerator']",2,1,1,0.5,1,1,2,2,1,0.5,0.5,2,1,2,1,1,1,0.5,55,5120,70,435,45,Vine PokÌ©mon,115,1000000,1,65,Monjara‹Ä¢‹Ä_‹âü‹Ä£‹Ä©,Tangela,50,114,100,40,60,grass,,35,1,0
"['Early Bird', 'Scrappy', 'Inner Focus']",1,1,1,1,1,2,1,1,0,1,1,1,1,1,1,1,1,1,125,5120,70,590,45,Parent PokÌ©mon,100,1000000,2.2,105,Garura‹âÂ‹ÄÇ‹Ä_‹Ä©,Kangaskhan,0,115,60,100,100,normal,,80,1,0
"['Swift Swim', 'Sniper', 'Damp']",1,1,1,2,1,1,0.5,1,1,2,1,0.5,1,1,1,1,0.5,0.5,40,5120,70,295,225,Dragon PokÌ©mon,70,1000000,0.4,30,Tattu‹âÀ‹ÄÄ‹Äã‹Ä_,Horsea,50,116,70,25,60,water,,8,1,0
"['Poison Point', 'Sniper', 'Damp']",1,1,1,2,1,1,0.5,1,1,2,1,0.5,1,1,1,1,0.5,0.5,65,5120,70,440,75,Dragon PokÌ©mon,95,1000000,1.2,55,Seadra‹âá‹Ä_‹Ää‹Ä©,Seadra,50,117,95,45,85,water,,25,1,0
"['Swift Swim', 'Water Veil', 'Lightningrod']",1,1,1,2,1,1,0.5,1,1,2,1,0.5,1,1,1,1,0.5,0.5,67,5120,70,320,225,Goldfish PokÌ©mon,60,1000000,0.6,45,Tosakinto‹Äö‹âµ‹â_‹Ä_‹Äö,Goldeen,50,118,35,50,63,water,,15,1,0
"['Swift Swim', 'Water Veil', 'Lightningrod']",1,1,1,2,1,1,0.5,1,1,2,1,0.5,1,1,1,1,0.5,0.5,92,5120,70,450,60,Goldfish PokÌ©mon,65,1000000,1.3,80,Azumao‹â¢‹â¼‹Ä_‹â»‹â_,Seaking,50,119,65,80,68,water,,39,1,0
"['Illuminate', 'Natural Cure', 'Analytic']",1,1,1,2,1,1,0.5,1,1,2,1,0.5,1,1,1,1,0.5,0.5,45,5120,70,340,225,Starshape PokÌ©mon,55,1250000,0.8,30,Hitodeman‹ÄÕ‹Äö‹Äà‹Ä_‹Ä_,Staryu,,120,70,55,85,water,,34.5,1,0
"['Illuminate', 'Natural Cure', 'Analytic']",2,2,1,2,1,0.5,0.5,1,2,2,1,0.5,1,1,0.5,1,0.5,0.5,75,5120,70,520,60,Mysterious PokÌ©mon,85,1250000,1.1,60,Starmie‹â_‹âÀ‹Ä_‹ÄÙ‹Ä_,Starmie,,121,100,85,115,water,psychic,80,1,0
"['Soundproof', 'Filter', 'Technician']",1,1,0,1,1,0.25,1,1,2,1,1,1,1,2,0.5,1,2,1,45,6400,70,460,45,Barrier PokÌ©mon,65,1000000,1.3,40,Barrierd‹Ä‹Ä»‹Ä_‹Ä_‹Ää,Mr. Mime,50,122,100,120,90,psychic,fairy,54.5,1,0
"['Swarm', 'Technician', 'Steadfast']",0.5,1,1,2,1,0.25,2,2,1,0.25,0,2,1,1,1,4,1,1,110,6400,70,500,45,Mantis PokÌ©mon,80,1000000,1.5,70,Strike‹â_‹Äö‹Ä©‹â_‹âø,Scyther,50,123,55,80,105,bug,flying,56,1,0
"['Oblivious', 'Forewarn', 'Dry Skin']",2,2,1,1,1,1,2,1,2,1,1,0.5,1,1,0.5,2,2,1,50,6400,70,455,45,Humanshape PokÌ©mon,35,1000000,1.4,65,Rougela‹ÄÇ‹Ä_‹âü‹Ä´‹Ä©,Jynx,0,124,115,95,95,ice,psychic,40.6,1,0
"['Static', 'Vital Spirit']",1,1,1,0.5,1,1,1,0.5,1,1,2,1,1,1,1,1,0.5,1,83,6400,70,490,45,Electric PokÌ©mon,57,1000000,1.1,65,Eleboo‹â¬‹ÄÂ‹ÄĞ‹Ä_,Electabuzz,75.4,125,95,85,105,electric,,30,1,0
"['Flame Body', 'Vital Spirit']",0.5,1,1,1,0.5,1,0.5,1,1,0.5,2,0.5,1,1,1,2,0.5,2,95,6400,70,495,45,Spitfire PokÌ©mon,57,1000000,1.3,65,Boober‹ÄĞ‹Ä_‹Ä‹Ä_,Magmar,75.4,126,100,85,93,fire,,44.5,1,0
"['Hyper Cutter', 'Mold Breaker', 'Moxie']",1,1,1,1,1,0.5,2,2,1,0.5,0.5,1,1,1,1,2,1,1,155,6400,70,600,45,Stagbeetle PokÌ©mon,120,1250000,1.5,65,Kailios‹âÇ‹â_‹Ä_‹â_,Pinsir,50,127,65,90,105,bug,,55,1,0
"['Intimidate', 'Anger Point', 'Sheer Force']",1,1,1,1,1,2,1,1,0,1,1,1,1,1,1,1,1,1,100,5120,70,490,45,Wild Bull PokÌ©mon,95,1250000,1.4,75,Kentauros‹â±‹Ä_‹âÀ‹Ä_‹â_,Tauros,100,128,40,70,110,normal,,88.4,1,0
"['Swift Swim', 'Rattled']",1,1,1,2,1,1,0.5,1,1,2,1,0.5,1,1,1,1,0.5,0.5,10,1280,70,200,255,Fish PokÌ©mon,55,1250000,0.9,20,Koiking‹â_‹â_‹â_‹Ä_‹â¡,Magikarp,50,129,15,20,80,water,,10,1,0
"['Intimidate', 'Moxie']",0.5,1,1,4,1,0.5,0.5,1,1,1,0,1,1,1,1,2,0.5,0.5,155,1280,70,640,45,Atrocious PokÌ©mon,109,1250000,6.5,95,Gyarados‹â¨‹Ä£‹Ä©‹Ää‹â_,Gyarados,50,130,70,130,81,water,flying,235,1,0
"['Water Absorb', 'Shell Armor', 'Hydration']",1,1,1,2,1,2,1,1,1,2,1,0.25,1,1,1,2,1,0.5,85,10240,70,535,45,Transport PokÌ©mon,80,1250000,2.5,130,Laplace‹Ä©‹ÄÑ‹Ä©‹â_,Lapras,50,131,85,95,60,water,ice,220,1,0
"['Limber', 'Imposter']",1,1,1,1,1,2,1,1,0,1,1,1,1,1,1,1,1,1,48,5120,70,288,35,Transform PokÌ©mon,48,1000000,0.3,48,Metamon‹ÄÁ‹âÀ‹Ä¢‹Ä_,Ditto,,132,48,48,48,normal,,4,1,0
"['Run Away', 'Adaptability', 'Anticipation']",1,1,1,1,1,2,1,1,0,1,1,1,1,1,1,1,1,1,55,8960,70,325,45,Evolution PokÌ©mon,50,1000000,0.3,55,Eievui‹â_‹Ä_‹ÄĞ‹â_,Eevee,88.1,133,45,65,55,normal,,6.5,1,0
"['Water Absorb', 'Hydration']",1,1,1,2,1,1,0.5,1,1,2,1,0.5,1,1,1,1,0.5,0.5,65,8960,70,525,45,Bubble Jet PokÌ©mon,60,1000000,1,130,Showers‹âá‹Ä£‹Äø‹Ä_‹â¼,Vaporeon,88.1,134,110,95,65,water,,29,1,0
"['Volt Absorb', 'Quick Feet']",1,1,1,0.5,1,1,1,0.5,1,1,2,1,1,1,1,1,0.5,1,65,8960,70,525,45,Lightning PokÌ©mon,60,1000000,0.8,65,Thunders‹âµ‹Ä_‹ÄÛ‹Ä_‹â_,Jolteon,88.1,135,110,95,130,electric,,24.5,1,0
"['Flash Fire', 'Guts']",0.5,1,1,1,0.5,1,0.5,1,1,0.5,2,0.5,1,1,1,2,0.5,2,130,8960,70,525,45,Flame PokÌ©mon,60,1000000,0.9,65,Booster‹ÄĞ‹Ä_‹â_‹âÀ‹Ä_,Flareon,88.1,136,95,110,65,fire,,25,1,0
"['Trace', 'Download', 'Analytic']",1,1,1,1,1,2,1,1,0,1,1,1,1,1,1,1,1,1,60,5120,70,395,45,Virtual PokÌ©mon,70,1000000,0.8,65,Porygon‹Ä‹Ä»‹â«‹Ä_,Porygon,,137,85,75,40,normal,,36.5,1,0
"['Swift Swim', 'Shell Armor', 'Weak Armor']",1,1,1,2,1,2,0.25,0.5,1,4,2,0.5,0.5,0.5,1,1,1,1,40,7680,70,355,45,Spiral PokÌ©mon,100,1000000,0.4,35,Omnite‹â»‹ÄÊ‹Ä_‹â_‹Äö,Omanyte,88.1,138,90,55,35,rock,water,7.5,1,0
"['Swift Swim', 'Shell Armor', 'Weak Armor']",1,1,1,2,1,2,0.25,0.5,1,4,2,0.5,0.5,0.5,1,1,1,1,60,7680,70,495,45,Spiral PokÌ©mon,125,1000000,1,70,Omstar‹â»‹ÄÊ‹â_‹âÀ‹Ä_,Omastar,88.1,139,115,70,55,rock,water,35,1,0
"['Swift Swim', 'Battle Armor', 'Weak Armor']",1,1,1,2,1,2,0.25,0.5,1,4,2,0.5,0.5,0.5,1,1,1,1,80,7680,70,355,45,Shellfish PokÌ©mon,90,1000000,0.5,30,Kabuto‹âÇ‹ÄĞ‹Äö,Kabuto,88.1,140,55,45,55,rock,water,11.5,1,0
"['Swift Swim', 'Battle Armor', 'Weak Armor']",1,1,1,2,1,2,0.25,0.5,1,4,2,0.5,0.5,0.5,1,1,1,1,115,7680,70,495,45,Shellfish PokÌ©mon,105,1000000,1.3,60,Kabutops‹âÇ‹ÄĞ‹Äö‹ÄÑ‹â_,Kabutops,88.1,141,65,70,80,rock,water,40.5,1,0
"['Rock Head', 'Pressure', 'Unnerve']",0.5,1,1,2,1,1,0.5,0.5,1,1,0,2,0.5,0.5,1,2,2,2,135,8960,70,615,45,Fossil PokÌ©mon,85,1250000,1.8,80,Ptera‹ÄÑ‹Ä ‹Ä©,Aerodactyl,88.1,142,70,95,150,rock,flying,59,1,0
"['Immunity', 'Thick Fat', 'Gluttony']",1,1,1,1,1,2,1,1,0,1,1,1,1,1,1,1,1,1,110,10240,70,540,25,Sleeping PokÌ©mon,65,1250000,2.1,160,Kabigon‹âÇ‹ÄÒ‹â«‹Ä_,Snorlax,88.1,143,65,110,30,normal,,460,1,0
"['Pressure', 'Snow Cloak']",0.5,1,1,2,1,1,2,1,1,0.5,0,1,1,1,1,4,2,1,85,20480,35,580,3,Freeze PokÌ©mon,100,1250000,1.7,90,Freezer‹Ä¥‹Ä»‹Ä_‹â¦‹Ä_,Articuno,,144,95,125,85,ice,flying,55.4,1,1
"['Pressure', 'Static']",0.5,1,1,1,1,0.5,1,0.5,1,0.5,0,2,1,1,1,2,0.5,1,90,20480,35,580,3,Electric PokÌ©mon,85,1250000,1.6,90,Thunder‹âµ‹Ä_‹ÄÛ‹Ä_,Zapdos,,145,125,90,100,electric,flying,52.6,1,1
"['Pressure', 'Flame Body']",0.25,1,1,2,0.5,0.5,0.5,1,1,0.25,0,1,1,1,1,4,0.5,2,100,20480,35,580,3,Flame PokÌ©mon,90,1250000,2,90,Fire‹Ä¥‹âÁ‹â_‹Ä_‹Ä_,Moltres,,146,125,85,90,fire,flying,60,1,1
"['Shed Skin', 'Marvel Scale']",1,1,2,0.5,2,1,0.5,1,1,0.5,1,2,1,1,1,1,1,0.5,64,10240,35,300,45,Dragon PokÌ©mon,45,1250000,1.8,41,Miniryu‹ÄÙ‹ÄÜ‹Ä»‹Ä´‹â_,Dratini,50,147,50,50,50,dragon,,3.3,1,0
"['Shed Skin', 'Marvel Scale']",1,1,2,0.5,2,1,0.5,1,1,0.5,1,2,1,1,1,1,1,0.5,84,10240,35,420,45,Dragon PokÌ©mon,65,1250000,4,61,Hakuryu‹Ä‹âø‹Ä»‹Ä´‹Ä_,Dragonair,50,148,70,70,70,dragon,,16.5,1,0
"['Inner Focus', 'Multiscale']",0.5,1,2,1,2,0.5,0.5,1,1,0.25,0,4,1,1,1,2,1,0.5,134,10240,35,600,45,Dragon PokÌ©mon,95,1250000,2.2,91,Kairyu‹âÇ‹â_‹Ä»‹Ä´‹Ä_,Dragonite,50,149,100,100,80,dragon,flying,210,1,0
"['Pressure', 'Unnerve']",2,2,1,1,1,0.5,1,1,2,1,1,1,1,1,0.5,1,1,1,150,30720,0,780,3,Genetic PokÌ©mon,70,1250000,2,106,Mewtwo‹ÄÙ‹Ä´‹â_‹Äã‹Ä_,Mewtwo,,150,194,120,140,psychic,,122,1,1
['Synchronize'],2,2,1,1,1,0.5,1,1,2,1,1,1,1,1,0.5,1,1,1,100,30720,100,600,45,New Species PokÌ©mon,100,1059860,0.4,100,Mew‹ÄÙ‹Ä´‹â_,Mew,,151,100,100,100,psychic,,4,1,1